id_municipio,nome_municipio,ano,id_meta_indicador,populacao_alvo,matriculas,percentual_meta,taxa_execucao_meta,taxa_matriculas,deficit_absoluto,deficit_meta
1200013,Acrelândia,2019,1.1,546,486,1,0.8901098901098901,0.8901098901098901,60,60
1200013,Acrelândia,2020,1.1,555,447,1,0.8054054054054054,0.8054054054054054,108,108
1200013,Acrelândia,2021,1.1,563,410,1,0.7282415630550622,0.7282415630550622,153,153
1200013,Acrelândia,2022,1.1,502,408,1,0.8127490039840638,0.8127490039840638,94,94
1200013,Acrelândia,2023,1.1,513,456,1,0.8888888888888888,0.8888888888888888,57,57
1200054,Assis Brasil,2019,1.1,327,356,1,1.0886850152905199,1.0886850152905199,0,0
1200054,Assis Brasil,2020,1.1,332,327,1,0.9849397590361446,0.9849397590361446,5,5
1200054,Assis Brasil,2021,1.1,337,289,1,0.857566765578635,0.857566765578635,48,48
1200054,Assis Brasil,2022,1.1,357,319,1,0.8935574229691877,0.8935574229691877,38,38
1200054,Assis Brasil,2023,1.1,367,433,1,1.1798365122615804,1.1798365122615804,0,0
1200104,Brasiléia,2019,1.1,946,661,1,0.6987315010570825,0.6987315010570825,285,285
1200104,Brasiléia,2020,1.1,961,692,1,0.7200832466181062,0.7200832466181062,269,269
1200104,Brasiléia,2021,1.1,976,763,1,0.7817622950819673,0.7817622950819673,213,213
1200104,Brasiléia,2022,1.1,936,806,1,0.8611111111111112,0.8611111111111112,130,130
1200104,Brasiléia,2023,1.1,969,873,1,0.9009287925696594,0.9009287925696594,96,96
1200138,Bujari,2019,1.1,378,325,1,0.8597883597883598,0.8597883597883598,53,53
1200138,Bujari,2020,1.1,383,306,1,0.7989556135770235,0.7989556135770235,77,77
1200138,Bujari,2021,1.1,389,282,1,0.7249357326478149,0.7249357326478149,107,107
1200138,Bujari,2022,1.1,475,270,1,0.5684210526315789,0.5684210526315789,205,205
1200138,Bujari,2023,1.1,491,385,1,0.7841140529531568,0.7841140529531568,106,106
1200179,Capixaba,2019,1.1,409,438,1,1.0709046454767726,1.0709046454767726,0,0
1200179,Capixaba,2020,1.1,418,426,1,1.0191387559808613,1.0191387559808613,0,0
1200179,Capixaba,2021,1.1,428,418,1,0.9766355140186916,0.9766355140186916,10,10
1200179,Capixaba,2022,1.1,362,403,1,1.1132596685082874,1.1132596685082874,0,0
1200179,Capixaba,2023,1.1,371,411,1,1.1078167115902966,1.1078167115902966,0,0
1200203,Cruzeiro do Sul,2019,1.1,3032,3480,1,1.1477572559366755,1.1477572559366755,0,0
1200203,Cruzeiro do Sul,2020,1.1,3056,3624,1,1.1858638743455496,1.1858638743455496,0,0
1200203,Cruzeiro do Sul,2021,1.1,3080,3382,1,1.098051948051948,1.098051948051948,0,0
1200203,Cruzeiro do Sul,2022,1.1,3153,3161,1,1.0025372660957819,1.0025372660957819,0,0
1200203,Cruzeiro do Sul,2023,1.1,3264,3396,1,1.0404411764705883,1.0404411764705883,0,0
1200252,Epitaciolândia,2019,1.1,658,556,1,0.8449848024316109,0.8449848024316109,102,102
1200252,Epitaciolândia,2020,1.1,668,605,1,0.905688622754491,0.905688622754491,63,63
1200252,Epitaciolândia,2021,1.1,678,597,1,0.8805309734513275,0.8805309734513275,81,81
1200252,Epitaciolândia,2022,1.1,670,549,1,0.8194029850746268,0.8194029850746268,121,121
1200252,Epitaciolândia,2023,1.1,688,621,1,0.9026162790697675,0.9026162790697675,67,67
1200302,Feijó,2019,1.1,1473,1238,1,0.8404616429056347,0.8404616429056347,235,235
1200302,Feijó,2020,1.1,1477,1231,1,0.8334461746784022,0.8334461746784022,246,246
1200302,Feijó,2021,1.1,1481,1112,1,0.7508440243079001,0.7508440243079001,369,369
1200302,Feijó,2022,1.1,1500,1220,1,0.8133333333333334,0.8133333333333334,280,280
1200302,Feijó,2023,1.1,1547,1274,1,0.8235294117647058,0.8235294117647058,273,273
1200328,Jordão,2019,1.1,482,247,1,0.5124481327800829,0.5124481327800829,235,235
1200328,Jordão,2020,1.1,492,299,1,0.6077235772357723,0.6077235772357723,193,193
1200328,Jordão,2021,1.1,501,304,1,0.6067864271457086,0.6067864271457086,197,197
1200328,Jordão,2022,1.1,535,348,1,0.6504672897196262,0.6504672897196262,187,187
1200328,Jordão,2023,1.1,551,463,1,0.8402903811252269,0.8402903811252269,88,88
1200344,Manoel Urbano,2019,1.1,419,316,1,0.7541766109785203,0.7541766109785203,103,103
1200344,Manoel Urbano,2020,1.1,425,253,1,0.5952941176470589,0.5952941176470589,172,172
1200344,Manoel Urbano,2021,1.1,430,282,1,0.6558139534883721,0.6558139534883721,148,148
1200344,Manoel Urbano,2022,1.1,532,348,1,0.6541353383458647,0.6541353383458647,184,184
1200344,Manoel Urbano,2023,1.1,549,399,1,0.726775956284153,0.726775956284153,150,150
1200351,Marechal Thaumaturgo,2019,1.1,787,615,1,0.7814485387547649,0.7814485387547649,172,172
1200351,Marechal Thaumaturgo,2020,1.1,805,565,1,0.7018633540372671,0.7018633540372671,240,240
1200351,Marechal Thaumaturgo,2021,1.1,823,575,1,0.6986634264884569,0.6986634264884569,248,248
1200351,Marechal Thaumaturgo,2022,1.1,713,544,1,0.7629733520336606,0.7629733520336606,169,169
1200351,Marechal Thaumaturgo,2023,1.1,731,611,1,0.8358413132694938,0.8358413132694938,120,120
1200336,Mâncio Lima,2019,1.1,687,804,1,1.1703056768558953,1.1703056768558953,0,0
1200336,Mâncio Lima,2020,1.1,699,803,1,1.1487839771101573,1.1487839771101573,0,0
1200336,Mâncio Lima,2021,1.1,711,674,1,0.9479606188466948,0.9479606188466948,37,37
1200336,Mâncio Lima,2022,1.1,698,681,1,0.9756446991404012,0.9756446991404012,17,17
1200336,Mâncio Lima,2023,1.1,717,733,1,1.0223152022315203,1.0223152022315203,0,0
1200385,Plácido de Castro,2019,1.1,660,556,1,0.8424242424242424,0.8424242424242424,104,104
1200385,Plácido de Castro,2020,1.1,666,550,1,0.8258258258258259,0.8258258258258259,116,116
1200385,Plácido de Castro,2021,1.1,673,541,1,0.8038632986627043,0.8038632986627043,132,132
1200385,Plácido de Castro,2022,1.1,553,522,1,0.9439421338155516,0.9439421338155516,31,31
1200385,Plácido de Castro,2023,1.1,562,520,1,0.9252669039145908,0.9252669039145908,42,42
1200807,Porto Acre,2019,1.1,698,550,1,0.7879656160458453,0.7879656160458453,148,148
1200807,Porto Acre,2020,1.1,710,526,1,0.7408450704225352,0.7408450704225352,184,184
1200807,Porto Acre,2021,1.1,722,524,1,0.7257617728531855,0.7257617728531855,198,198
1200807,Porto Acre,2022,1.1,630,533,1,0.846031746031746,0.846031746031746,97,97
1200807,Porto Acre,2023,1.1,644,536,1,0.8322981366459627,0.8322981366459627,108,108
1200393,Porto Walter,2019,1.1,530,503,1,0.9490566037735849,0.9490566037735849,27,27
1200393,Porto Walter,2020,1.1,542,421,1,0.7767527675276753,0.7767527675276753,121,121
1200393,Porto Walter,2021,1.1,553,533,1,0.9638336347197106,0.9638336347197106,20,20
1200393,Porto Walter,2022,1.1,475,425,1,0.8947368421052632,0.8947368421052632,50,50
1200393,Porto Walter,2023,1.1,487,515,1,1.057494866529774,1.057494866529774,0,0
1200401,Rio Branco,2019,1.1,12605,11437,1,0.907338357794526,0.907338357794526,1168,1168
1200401,Rio Branco,2020,1.1,12794,11005,1,0.8601688291386588,0.8601688291386588,1789,1789
1200401,Rio Branco,2021,1.1,12981,9697,1,0.7470148678838302,0.7470148678838302,3284,3284
1200401,Rio Branco,2022,1.1,11288,9691,1,0.8585223245924876,0.8585223245924876,1597,1597
1200401,Rio Branco,2023,1.1,11645,10291,1,0.8837269214255045,0.8837269214255045,1354,1354
1200427,Rodrigues Alves,2019,1.1,679,600,1,0.8836524300441826,0.8836524300441826,79,79
1200427,Rodrigues Alves,2020,1.1,694,592,1,0.8530259365994236,0.8530259365994236,102,102
1200427,Rodrigues Alves,2021,1.1,709,607,1,0.8561354019746121,0.8561354019746121,102,102
1200427,Rodrigues Alves,2022,1.1,536,542,1,1.0111940298507462,1.0111940298507462,0,0
1200427,Rodrigues Alves,2023,1.1,547,645,1,1.1791590493601463,1.1791590493601463,0,0
1200435,Santa Rosa do Purus,2019,1.1,353,271,1,0.7677053824362606,0.7677053824362606,82,82
1200435,Santa Rosa do Purus,2020,1.1,363,279,1,0.768595041322314,0.768595041322314,84,84
1200435,Santa Rosa do Purus,2021,1.1,372,336,1,0.9032258064516129,0.9032258064516129,36,36
1200435,Santa Rosa do Purus,2022,1.1,363,311,1,0.8567493112947658,0.8567493112947658,52,52
1200435,Santa Rosa do Purus,2023,1.1,374,334,1,0.893048128342246,0.893048128342246,40,40
1200500,Sena Madureira,2019,1.1,1637,994,1,0.6072083078802688,0.6072083078802688,643,643
1200500,Sena Madureira,2020,1.1,1661,990,1,0.5960264900662252,0.5960264900662252,671,671
1200500,Sena Madureira,2021,1.1,1684,877,1,0.5207838479809976,0.5207838479809976,807,807
1200500,Sena Madureira,2022,1.1,1476,1010,1,0.6842818428184282,0.6842818428184282,466,466
1200500,Sena Madureira,2023,1.1,1522,1126,1,0.7398160315374507,0.7398160315374507,396,396
1200450,Senador Guiomard,2019,1.1,760,844,1,1.1105263157894736,1.1105263157894736,0,0
1200450,Senador Guiomard,2020,1.1,767,851,1,1.1095176010430248,1.1095176010430248,0,0
1200450,Senador Guiomard,2021,1.1,774,813,1,1.050387596899225,1.050387596899225,0,0
1200450,Senador Guiomard,2022,1.1,708,739,1,1.0437853107344632,1.0437853107344632,0,0
1200450,Senador Guiomard,2023,1.1,723,782,1,1.0816044260027662,1.0816044260027662,0,0
1200609,Tarauacá,2019,1.1,1844,1605,1,0.8703904555314533,0.8703904555314533,239,239
1200609,Tarauacá,2020,1.1,1869,1537,1,0.8223649010165864,0.8223649010165864,332,332
1200609,Tarauacá,2021,1.1,1894,1403,1,0.7407602956705386,0.7407602956705386,491,491
1200609,Tarauacá,2022,1.1,1883,1565,1,0.8311205523101434,0.8311205523101434,318,318
1200609,Tarauacá,2023,1.1,1949,1686,1,0.8650590046177526,0.8650590046177526,263,263
1200708,Xapuri,2019,1.1,688,444,1,0.6453488372093024,0.6453488372093024,244,244
1200708,Xapuri,2020,1.1,698,498,1,0.7134670487106017,0.7134670487106017,200,200
1200708,Xapuri,2021,1.1,708,431,1,0.6087570621468926,0.6087570621468926,277,277
1200708,Xapuri,2022,1.1,650,486,1,0.7476923076923077,0.7476923076923077,164,164
1200708,Xapuri,2023,1.1,665,499,1,0.750375939849624,0.750375939849624,166,166
1200013,Acrelândia,2019,1.2,1168,230,0.5,0.3938356164383562,0.1969178082191781,938,354
1200013,Acrelândia,2020,1.2,1185,236,0.5,0.3983122362869198,0.1991561181434599,949,356
1200013,Acrelândia,2021,1.2,1203,303,0.5,0.5037406483790524,0.2518703241895262,900,298
1200013,Acrelândia,2022,1.2,1073,273,0.5,0.5088536812674743,0.25442684063373716,800,264
1200013,Acrelândia,2023,1.2,1097,292,0.5,0.5323609845031905,0.26618049225159524,805,256
1200054,Assis Brasil,2019,1.2,643,46,0.5,0.14307931570762053,0.07153965785381027,597,276
1200054,Assis Brasil,2020,1.2,653,46,0.5,0.14088820826952528,0.07044410413476264,607,280
1200054,Assis Brasil,2021,1.2,663,57,0.5,0.17194570135746606,0.08597285067873303,606,274
1200054,Assis Brasil,2022,1.2,702,63,0.5,0.1794871794871795,0.08974358974358974,639,288
1200054,Assis Brasil,2023,1.2,722,43,0.5,0.11911357340720222,0.05955678670360111,679,318
1200104,Brasiléia,2019,1.2,1838,326,0.5,0.35473340587595215,0.17736670293797607,1512,593
1200104,Brasiléia,2020,1.2,1868,324,0.5,0.3468950749464668,0.1734475374732334,1544,610
1200104,Brasiléia,2021,1.2,1898,272,0.5,0.28661749209694415,0.14330874604847207,1626,677
1200104,Brasiléia,2022,1.2,1819,289,0.5,0.3177570093457944,0.1588785046728972,1530,620
1200104,Brasiléia,2023,1.2,1883,330,0.5,0.3505045140732873,0.17525225703664365,1553,612
1200138,Bujari,2019,1.2,681,220,0.5,0.6461086637298091,0.32305433186490456,461,120
1200138,Bujari,2020,1.2,691,217,0.5,0.6280752532561505,0.3140376266280753,474,128
1200138,Bujari,2021,1.2,701,204,0.5,0.5820256776034237,0.29101283880171186,497,146
1200138,Bujari,2022,1.2,857,249,0.5,0.5810968494749125,0.29054842473745623,608,180
1200138,Bujari,2023,1.2,885,222,0.5,0.5016949152542373,0.25084745762711863,663,220
1200179,Capixaba,2019,1.2,760,35,0.5,0.09210526315789473,0.046052631578947366,725,345
1200179,Capixaba,2020,1.2,778,69,0.5,0.17737789203084833,0.08868894601542417,709,320
1200179,Capixaba,2021,1.2,795,117,0.5,0.2943396226415094,0.1471698113207547,678,280
1200179,Capixaba,2022,1.2,673,209,0.5,0.6210995542347697,0.31054977711738485,464,128
1200179,Capixaba,2023,1.2,690,138,0.5,0.4,0.2,552,207
1200203,Cruzeiro do Sul,2019,1.2,6079,1877,0.5,0.6175357789110051,0.30876788945550254,4202,1162
1200203,Cruzeiro do Sul,2020,1.2,6127,1747,0.5,0.5702627713399706,0.2851313856699853,4380,1316
1200203,Cruzeiro do Sul,2021,1.2,6175,1571,0.5,0.5088259109311741,0.25441295546558707,4604,1516
1200203,Cruzeiro do Sul,2022,1.2,6321,1840,0.5,0.5821863629172599,0.29109318145862995,4481,1320
1200203,Cruzeiro do Sul,2023,1.2,6544,1878,0.5,0.573960880195599,0.2869804400977995,4666,1394
1200252,Epitaciolândia,2019,1.2,1284,275,0.5,0.42834890965732086,0.21417445482866043,1009,367
1200252,Epitaciolândia,2020,1.2,1304,267,0.5,0.40950920245398775,0.20475460122699388,1037,385
1200252,Epitaciolândia,2021,1.2,1323,175,0.5,0.26455026455026454,0.13227513227513227,1148,486
1200252,Epitaciolândia,2022,1.2,1308,229,0.5,0.35015290519877673,0.17507645259938837,1079,425
1200252,Epitaciolândia,2023,1.2,1342,235,0.5,0.3502235469448584,0.1751117734724292,1107,436
1200302,Feijó,2019,1.2,3043,0,0.5,0,0,3043,1522
1200302,Feijó,2020,1.2,3053,170,0.5,0.11136586963642318,0.05568293481821159,2883,1356
1200302,Feijó,2021,1.2,3061,168,0.5,0.10976804965697484,0.05488402482848742,2893,1362
1200302,Feijó,2022,1.2,3100,181,0.5,0.1167741935483871,0.05838709677419355,2919,1369
1200302,Feijó,2023,1.2,3197,264,0.5,0.16515483265561465,0.08257741632780732,2933,1334
1200328,Jordão,2019,1.2,919,238,0.5,0.5179542981501633,0.2589771490750816,681,222
1200328,Jordão,2020,1.2,936,186,0.5,0.3974358974358974,0.1987179487179487,750,282
1200328,Jordão,2021,1.2,953,209,0.5,0.4386149003147954,0.2193074501573977,744,268
1200328,Jordão,2022,1.2,1019,219,0.5,0.42983316977428854,0.21491658488714427,800,290
1200328,Jordão,2023,1.2,1050,222,0.5,0.4228571428571429,0.21142857142857144,828,303
1200344,Manoel Urbano,2019,1.2,744,121,0.5,0.32526881720430106,0.16263440860215053,623,251
1200344,Manoel Urbano,2020,1.2,753,120,0.5,0.3187250996015936,0.1593625498007968,633,256
1200344,Manoel Urbano,2021,1.2,763,127,0.5,0.3328964613368283,0.16644823066841416,636,254
1200344,Manoel Urbano,2022,1.2,943,138,0.5,0.2926829268292683,0.14634146341463414,805,334
1200344,Manoel Urbano,2023,1.2,974,180,0.5,0.36960985626283366,0.18480492813141683,794,307
1200351,Marechal Thaumaturgo,2019,1.2,1766,341,0.5,0.38618346545866367,0.19309173272933183,1425,542
1200351,Marechal Thaumaturgo,2020,1.2,1806,231,0.5,0.2558139534883721,0.12790697674418605,1575,672
1200351,Marechal Thaumaturgo,2021,1.2,1847,279,0.5,0.30211153221440173,0.15105576610720087,1568,644
1200351,Marechal Thaumaturgo,2022,1.2,1600,334,0.5,0.4175,0.20875,1266,466
1200351,Marechal Thaumaturgo,2023,1.2,1640,285,0.5,0.3475609756097561,0.17378048780487804,1355,535
1200336,Mâncio Lima,2019,1.2,1427,455,0.5,0.6377014716187807,0.31885073580939033,972,258
1200336,Mâncio Lima,2020,1.2,1452,453,0.5,0.6239669421487604,0.3119834710743802,999,273
1200336,Mâncio Lima,2021,1.2,1477,503,0.5,0.6811103588354773,0.34055517941773866,974,236
1200336,Mâncio Lima,2022,1.2,1451,531,0.5,0.7319090282563749,0.36595451412818747,920,194
1200336,Mâncio Lima,2023,1.2,1490,680,0.5,0.912751677852349,0.4563758389261745,810,65
1200385,Plácido de Castro,2019,1.2,1354,154,0.5,0.2274741506646972,0.1137370753323486,1200,523
1200385,Plácido de Castro,2020,1.2,1368,147,0.5,0.2149122807017544,0.1074561403508772,1221,537
1200385,Plácido de Castro,2021,1.2,1381,177,0.5,0.25633598841419264,0.12816799420709632,1204,514
1200385,Plácido de Castro,2022,1.2,1135,157,0.5,0.27665198237885463,0.13832599118942732,978,410
1200385,Plácido de Castro,2023,1.2,1154,185,0.5,0.32062391681109187,0.16031195840554593,969,392
1200807,Porto Acre,2019,1.2,1274,0,0.5,0,0,1274,637
1200807,Porto Acre,2020,1.2,1296,0,0.5,0,0,1296,648
1200807,Porto Acre,2021,1.2,1317,284,0.5,0.4312832194381169,0.21564160971905846,1033,374
1200807,Porto Acre,2022,1.2,1149,266,0.5,0.4630113141862489,0.23150565709312446,883,308
1200807,Porto Acre,2023,1.2,1175,349,0.5,0.5940425531914894,0.2970212765957447,826,238
1200393,Porto Walter,2019,1.2,1191,193,0.5,0.3240973971452561,0.16204869857262805,998,402
1200393,Porto Walter,2020,1.2,1217,132,0.5,0.21692686935086278,0.10846343467543139,1085,476
1200393,Porto Walter,2021,1.2,1242,341,0.5,0.5491143317230274,0.2745571658615137,901,280
1200393,Porto Walter,2022,1.2,1067,295,0.5,0.5529522024367385,0.27647610121836924,772,238
1200393,Porto Walter,2023,1.2,1094,353,0.5,0.6453382084095064,0.3226691042047532,741,194
1200401,Rio Branco,2019,1.2,23276,5549,0.5,0.4768001374806668,0.2384000687403334,17727,6089
1200401,Rio Branco,2020,1.2,23625,5398,0.5,0.456973544973545,0.2284867724867725,18227,6414
1200401,Rio Branco,2021,1.2,23970,4742,0.5,0.3956612432206925,0.19783062161034626,19228,7243
1200401,Rio Branco,2022,1.2,20844,5270,0.5,0.5056611015160238,0.2528305507580119,15574,5152
1200401,Rio Branco,2023,1.2,21504,5229,0.5,0.486328125,0.2431640625,16275,5523
1200427,Rodrigues Alves,2019,1.2,1513,846,0.5,1.118307997356246,0.559153998678123,667,0
1200427,Rodrigues Alves,2020,1.2,1547,815,0.5,1.0536522301228184,0.5268261150614092,732,0
1200427,Rodrigues Alves,2021,1.2,1580,1014,0.5,1.2835443037974683,0.6417721518987342,566,0
1200427,Rodrigues Alves,2022,1.2,1194,1031,0.5,1.726968174204355,0.8634840871021775,163,0
1200427,Rodrigues Alves,2023,1.2,1218,1021,0.5,1.6765188834154352,0.8382594417077176,197,0
1200435,Santa Rosa do Purus,2019,1.2,841,78,0.5,0.18549346016646848,0.09274673008323424,763,342
1200435,Santa Rosa do Purus,2020,1.2,864,68,0.5,0.1574074074074074,0.0787037037037037,796,364
1200435,Santa Rosa do Purus,2021,1.2,887,75,0.5,0.16910935738444194,0.08455467869222097,812,368
1200435,Santa Rosa do Purus,2022,1.2,865,101,0.5,0.23352601156069364,0.11676300578034682,764,332
1200435,Santa Rosa do Purus,2023,1.2,892,42,0.5,0.09417040358744394,0.04708520179372197,850,404
1200500,Sena Madureira,2019,1.2,3210,351,0.5,0.21869158878504674,0.10934579439252337,2859,1254
1200500,Sena Madureira,2020,1.2,3257,315,0.5,0.1934295363831747,0.09671476819158735,2942,1314
1200500,Sena Madureira,2021,1.2,3303,226,0.5,0.13684529215864366,0.06842264607932183,3077,1426
1200500,Sena Madureira,2022,1.2,2895,336,0.5,0.23212435233160622,0.11606217616580311,2559,1112
1200500,Sena Madureira,2023,1.2,2985,389,0.5,0.2606365159128978,0.1303182579564489,2596,1104
1200450,Senador Guiomard,2019,1.2,1453,307,0.5,0.4225739848589126,0.2112869924294563,1146,420
1200450,Senador Guiomard,2020,1.2,1466,350,0.5,0.47748976807639837,0.23874488403819918,1116,383
1200450,Senador Guiomard,2021,1.2,1480,323,0.5,0.43648648648648647,0.21824324324324323,1157,417
1200450,Senador Guiomard,2022,1.2,1354,365,0.5,0.5391432791728212,0.2695716395864106,989,312
1200450,Senador Guiomard,2023,1.2,1382,381,0.5,0.5513748191027497,0.27568740955137483,1001,310
1200609,Tarauacá,2019,1.2,3642,209,0.5,0.11477210323997804,0.05738605161998902,3433,1612
1200609,Tarauacá,2020,1.2,3692,268,0.5,0.14517876489707476,0.07258938244853738,3424,1578
1200609,Tarauacá,2021,1.2,3742,242,0.5,0.1293425975414217,0.06467129877071084,3500,1629
1200609,Tarauacá,2022,1.2,3719,302,0.5,0.16240924979833288,0.08120462489916644,3417,1558
1200609,Tarauacá,2023,1.2,3849,317,0.5,0.16471810859963626,0.08235905429981813,3532,1608
1200708,Xapuri,2019,1.2,1347,241,0.5,0.3578322197475872,0.1789161098737936,1106,432
1200708,Xapuri,2020,1.2,1366,243,0.5,0.3557833089311859,0.17789165446559296,1123,440
1200708,Xapuri,2021,1.2,1385,184,0.5,0.2657039711191336,0.1328519855595668,1201,508
1200708,Xapuri,2022,1.2,1272,201,0.5,0.3160377358490566,0.1580188679245283,1071,435
1200708,Xapuri,2023,1.2,1301,210,0.5,0.3228285933897002,0.1614142966948501,1091,440
1200013,Acrelândia,2019,2.1,2466,2325,1,0.9428223844282239,0.9428223844282239,141,141
1200013,Acrelândia,2020,2.1,2503,2346,1,0.9372752696763883,0.9372752696763883,157,157
1200013,Acrelândia,2021,2.1,2541,2253,1,0.8866587957497049,0.8866587957497049,288,288
1200013,Acrelândia,2022,2.1,2266,2236,1,0.9867608120035305,0.9867608120035305,30,30
1200013,Acrelândia,2023,2.1,2317,2157,1,0.9309451877427708,0.9309451877427708,160,160
1200054,Assis Brasil,2019,2.1,1401,2533,1,1.807994289793005,1.807994289793005,0,0
1200054,Assis Brasil,2020,2.1,1423,2600,1,1.8271257905832747,1.8271257905832747,0,0
1200054,Assis Brasil,2021,2.1,1445,2536,1,1.7550173010380623,1.7550173010380623,0,0
1200054,Assis Brasil,2022,2.1,1530,2693,1,1.7601307189542483,1.7601307189542483,0,0
1200054,Assis Brasil,2023,2.1,1575,2623,1,1.6653968253968254,1.6653968253968254,0,0
1200104,Brasiléia,2019,2.1,4155,4329,1,1.0418772563176895,1.0418772563176895,0,0
1200104,Brasiléia,2020,2.1,4222,4288,1,1.0156324017053528,1.0156324017053528,0,0
1200104,Brasiléia,2021,2.1,4289,4296,1,1.0016320820704128,1.0016320820704128,0,0
1200104,Brasiléia,2022,2.1,4111,4335,1,1.0544879591340306,1.0544879591340306,0,0
1200104,Brasiléia,2023,2.1,4256,4371,1,1.0270206766917294,1.0270206766917294,0,0
1200138,Bujari,2019,2.1,1756,2494,1,1.4202733485193622,1.4202733485193622,0,0
1200138,Bujari,2020,2.1,1783,2581,1,1.447560291643298,1.447560291643298,0,0
1200138,Bujari,2021,2.1,1809,2569,1,1.420121614151465,1.420121614151465,0,0
1200138,Bujari,2022,2.1,2210,2391,1,1.0819004524886877,1.0819004524886877,0,0
1200138,Bujari,2023,2.1,2283,2354,1,1.0310994305738064,1.0310994305738064,0,0
1200179,Capixaba,2019,2.1,1967,2010,1,1.0218607015760042,1.0218607015760042,0,0
1200179,Capixaba,2020,2.1,2013,1902,1,0.9448584202682563,0.9448584202682563,111,111
1200179,Capixaba,2021,2.1,2058,1865,1,0.9062196307094267,0.9062196307094267,193,193
1200179,Capixaba,2022,2.1,1742,1917,1,1.100459242250287,1.100459242250287,0,0
1200179,Capixaba,2023,2.1,1786,1846,1,1.0335946248600223,1.0335946248600223,0,0
1200203,Cruzeiro do Sul,2019,2.1,14744,18610,1,1.2622083559414,1.2622083559414,0,0
1200203,Cruzeiro do Sul,2020,2.1,14860,18759,1,1.2623822341857336,1.2623822341857336,0,0
1200203,Cruzeiro do Sul,2021,2.1,14975,18823,1,1.2569616026711186,1.2569616026711186,0,0
1200203,Cruzeiro do Sul,2022,2.1,15330,17983,1,1.1730593607305937,1.1730593607305937,0,0
1200203,Cruzeiro do Sul,2023,2.1,15872,17799,1,1.1214087701612903,1.1214087701612903,0,0
1200252,Epitaciolândia,2019,2.1,2900,2661,1,0.9175862068965517,0.9175862068965517,239,239
1200252,Epitaciolândia,2020,2.1,2945,2757,1,0.93616298811545,0.93616298811545,188,188
1200252,Epitaciolândia,2021,2.1,2990,2749,1,0.9193979933110368,0.9193979933110368,241,241
1200252,Epitaciolândia,2022,2.1,2955,2873,1,0.9722504230118443,0.9722504230118443,82,82
1200252,Epitaciolândia,2023,2.1,3032,2859,1,0.9429419525065963,0.9429419525065963,173,173
1200302,Feijó,2019,2.1,6825,8045,1,1.1787545787545788,1.1787545787545788,0,0
1200302,Feijó,2020,2.1,6846,8186,1,1.1957347356120362,1.1957347356120362,0,0
1200302,Feijó,2021,2.1,6866,8454,1,1.2312845907369647,1.2312845907369647,0,0
1200302,Feijó,2022,2.1,6952,8252,1,1.1869965477560414,1.1869965477560414,0,0
1200302,Feijó,2023,2.1,7170,8360,1,1.1659693165969316,1.1659693165969316,0,0
1200328,Jordão,2019,2.1,2069,2620,1,1.2663122281295311,1.2663122281295311,0,0
1200328,Jordão,2020,2.1,2108,2682,1,1.2722960151802656,1.2722960151802656,0,0
1200328,Jordão,2021,2.1,2146,2762,1,1.2870456663560113,1.2870456663560113,0,0
1200328,Jordão,2022,2.1,2294,2540,1,1.107236268526591,1.107236268526591,0,0
1200328,Jordão,2023,2.1,2364,2776,1,1.1742808798646363,1.1742808798646363,0,0
1200344,Manoel Urbano,2019,2.1,1810,2261,1,1.249171270718232,1.249171270718232,0,0
1200344,Manoel Urbano,2020,2.1,1834,2355,1,1.2840785169029443,1.2840785169029443,0,0
1200344,Manoel Urbano,2021,2.1,1857,2462,1,1.3257942918686052,1.3257942918686052,0,0
1200344,Manoel Urbano,2022,2.1,2296,2368,1,1.0313588850174216,1.0313588850174216,0,0
1200344,Manoel Urbano,2023,2.1,2371,2353,1,0.9924082665541966,0.9924082665541966,18,18
1200351,Marechal Thaumaturgo,2019,2.1,4171,4507,1,1.0805562215296092,1.0805562215296092,0,0
1200351,Marechal Thaumaturgo,2020,2.1,4267,4939,1,1.1574876962737286,1.1574876962737286,0,0
1200351,Marechal Thaumaturgo,2021,2.1,4361,4433,1,1.0165099747764275,1.0165099747764275,0,0
1200351,Marechal Thaumaturgo,2022,2.1,3779,4391,1,1.1619476051865574,1.1619476051865574,0,0
1200351,Marechal Thaumaturgo,2023,2.1,3874,4329,1,1.1174496644295302,1.1174496644295302,0,0
1200336,Mâncio Lima,2019,2.1,3548,3960,1,1.116121758737317,1.116121758737317,0,0
1200336,Mâncio Lima,2020,2.1,3610,4080,1,1.1301939058171746,1.1301939058171746,0,0
1200336,Mâncio Lima,2021,2.1,3672,4100,1,1.116557734204793,1.116557734204793,0,0
1200336,Mâncio Lima,2022,2.1,3607,3995,1,1.1075686165788745,1.1075686165788745,0,0
1200336,Mâncio Lima,2023,2.1,3704,3757,1,1.0143088552915767,1.0143088552915767,0,0
1200385,Plácido de Castro,2019,2.1,3198,2896,1,0.9055659787367104,0.9055659787367104,302,302
1200385,Plácido de Castro,2020,2.1,3229,2824,1,0.8745741715701456,0.8745741715701456,405,405
1200385,Plácido de Castro,2021,2.1,3261,2657,1,0.8147807421036491,0.8147807421036491,604,604
1200385,Plácido de Castro,2022,2.1,2680,2746,1,1.0246268656716417,1.0246268656716417,0,0
1200385,Plácido de Castro,2023,2.1,2726,2607,1,0.9563462949376376,0.9563462949376376,119,119
1200807,Porto Acre,2019,2.1,2974,3472,1,1.167451244115669,1.167451244115669,0,0
1200807,Porto Acre,2020,2.1,3026,3462,1,1.1440846001321876,1.1440846001321876,0,0
1200807,Porto Acre,2021,2.1,3076,3316,1,1.0780234070221066,1.0780234070221066,0,0
1200807,Porto Acre,2022,2.1,2683,3188,1,1.1882221393961983,1.1882221393961983,0,0
1200807,Porto Acre,2023,2.1,2744,3161,1,1.1519679300291545,1.1519679300291545,0,0
1200393,Porto Walter,2019,2.1,2573,2973,1,1.1554605518849592,1.1554605518849592,0,0
1200393,Porto Walter,2020,2.1,2628,3025,1,1.1510654490106544,1.1510654490106544,0,0
1200393,Porto Walter,2021,2.1,2683,2931,1,1.0924338427133806,1.0924338427133806,0,0
1200393,Porto Walter,2022,2.1,2305,2678,1,1.1618221258134491,1.1618221258134491,0,0
1200393,Porto Walter,2023,2.1,2363,2583,1,1.0931019889970377,1.0931019889970377,0,0
1200401,Rio Branco,2019,2.1,58624,59986,1,1.0232328056768558,1.0232328056768558,0,0
1200401,Rio Branco,2020,2.1,59502,59215,1,0.995176632718228,0.995176632718228,287,287
1200401,Rio Branco,2021,2.1,60370,56946,1,0.9432830876263044,0.9432830876263044,3424,3424
1200401,Rio Branco,2022,2.1,52498,55840,1,1.0636595679835423,1.0636595679835423,0,0
1200401,Rio Branco,2023,2.1,54160,54683,1,1.0096565731166913,1.0096565731166913,0,0
1200427,Rodrigues Alves,2019,2.1,3607,3300,1,0.9148877183254782,0.9148877183254782,307,307
1200427,Rodrigues Alves,2020,2.1,3687,3316,1,0.8993761866015731,0.8993761866015731,371,371
1200427,Rodrigues Alves,2021,2.1,3766,3150,1,0.8364312267657993,0.8364312267657993,616,616
1200427,Rodrigues Alves,2022,2.1,2846,2973,1,1.044624033731553,1.044624033731553,0,0
1200427,Rodrigues Alves,2023,2.1,2903,2829,1,0.9745091284877713,0.9745091284877713,74,74
1200435,Santa Rosa do Purus,2019,2.1,1631,2162,1,1.325567136725935,1.325567136725935,0,0
1200435,Santa Rosa do Purus,2020,2.1,1676,2180,1,1.3007159904534606,1.3007159904534606,0,0
1200435,Santa Rosa do Purus,2021,2.1,1719,2035,1,1.183827806864456,1.183827806864456,0,0
1200435,Santa Rosa do Purus,2022,2.1,1677,1966,1,1.1723315444245677,1.1723315444245677,0,0
1200435,Santa Rosa do Purus,2023,2.1,1729,1923,1,1.1122035858877963,1.1122035858877963,0,0
1200500,Sena Madureira,2019,2.1,7692,7637,1,0.9928497139885596,0.9928497139885596,55,55
1200500,Sena Madureira,2020,2.1,7803,7670,1,0.9829552736127131,0.9829552736127131,133,133
1200500,Sena Madureira,2021,2.1,7913,7458,1,0.9424996840641982,0.9424996840641982,455,455
1200500,Sena Madureira,2022,2.1,6936,7430,1,1.0712226066897348,1.0712226066897348,0,0
1200500,Sena Madureira,2023,2.1,7152,7089,1,0.9911912751677853,0.9911912751677853,63,63
1200450,Senador Guiomard,2019,2.1,3566,4183,1,1.1730229949523276,1.1730229949523276,0,0
1200450,Senador Guiomard,2020,2.1,3599,4238,1,1.1775493192553488,1.1775493192553488,0,0
1200450,Senador Guiomard,2021,2.1,3632,4157,1,1.1445484581497798,1.1445484581497798,0,0
1200450,Senador Guiomard,2022,2.1,3323,4159,1,1.2515798976828167,1.2515798976828167,0,0
1200450,Senador Guiomard,2023,2.1,3393,3845,1,1.133215443560271,1.133215443560271,0,0
1200609,Tarauacá,2019,2.1,8680,10556,1,1.2161290322580645,1.2161290322580645,0,0
1200609,Tarauacá,2020,2.1,8800,10554,1,1.1993181818181817,1.1993181818181817,0,0
1200609,Tarauacá,2021,2.1,8918,10415,1,1.1678627494954026,1.1678627494954026,0,0
1200609,Tarauacá,2022,2.1,8864,10016,1,1.1299638989169676,1.1299638989169676,0,0
1200609,Tarauacá,2023,2.1,9175,10289,1,1.12141689373297,1.12141689373297,0,0
1200708,Xapuri,2019,2.1,3094,2868,1,0.9269553975436329,0.9269553975436329,226,226
1200708,Xapuri,2020,2.1,3138,2720,1,0.8667941363926067,0.8667941363926067,418,418
1200708,Xapuri,2021,2.1,3181,2648,1,0.8324426281043696,0.8324426281043696,533,533
1200708,Xapuri,2022,2.1,2921,2675,1,0.9157822663471414,0.9157822663471414,246,246
1200708,Xapuri,2023,2.1,2989,2757,1,0.9223820675811308,0.9223820675811308,232,232
1200013,Acrelândia,2019,3.1,860,606,0.85,0.8290013679890561,0.7046511627906977,254,125
1200013,Acrelândia,2020,3.1,873,697,0.85,0.9392898052691868,0.7983963344788088,176,45
1200013,Acrelândia,2021,3.1,886,747,0.85,0.9919001460629399,0.8431151241534989,139,6
1200013,Acrelândia,2022,3.1,790,664,0.85,0.9888309754281459,0.8405063291139241,126,8
1200013,Acrelândia,2023,3.1,808,717,0.85,1.0439720442632499,0.8873762376237624,91,0
1200054,Assis Brasil,2019,3.1,464,315,0.85,0.7986815415821501,0.6788793103448276,149,79
1200054,Assis Brasil,2020,3.1,472,330,0.85,0.8225324027916251,0.6991525423728814,142,71
1200054,Assis Brasil,2021,3.1,479,394,0.85,0.9677023210119121,0.8225469728601252,85,13
1200054,Assis Brasil,2022,3.1,507,439,0.85,1.018679661213598,0.8658777120315582,68,0
1200054,Assis Brasil,2023,3.1,522,353,0.85,0.7955826008564345,0.6762452107279694,169,91
1200104,Brasiléia,2019,3.1,1341,921,0.85,0.8080010527701014,0.6868008948545862,420,219
1200104,Brasiléia,2020,3.1,1363,930,0.85,0.8027275473652411,0.6823184152604549,433,229
1200104,Brasiléia,2021,3.1,1384,965,0.85,0.8202992179530773,0.6972543352601156,419,211
1200104,Brasiléia,2022,3.1,1327,1101,0.85,0.9761070969457866,0.8296910324039186,226,27
1200104,Brasiléia,2023,3.1,1374,891,0.85,0.7629077832006166,0.648471615720524,483,277
1200138,Bujari,2019,3.1,595,493,0.85,0.9747899159663865,0.8285714285714286,102,13
1200138,Bujari,2020,3.1,604,579,0.85,1.127775613556681,0.9586092715231788,25,0
1200138,Bujari,2021,3.1,613,636,0.85,1.2206122253142693,1.037520391517129,0,0
1200138,Bujari,2022,3.1,749,621,0.85,0.9754182046650436,0.829105473965287,128,16
1200138,Bujari,2023,3.1,774,586,0.85,0.8907128742970056,0.7571059431524548,188,72
1200179,Capixaba,2019,3.1,692,423,0.85,0.7191431485889154,0.611271676300578,269,165
1200179,Capixaba,2020,3.1,708,383,0.85,0.6364240611498837,0.5409604519774012,325,219
1200179,Capixaba,2021,3.1,724,406,0.85,0.6597335066623334,0.5607734806629834,318,209
1200179,Capixaba,2022,3.1,613,437,0.85,0.8386911045005279,0.7128874388254486,176,84
1200179,Capixaba,2023,3.1,629,444,0.85,0.8304498269896194,0.7058823529411765,185,91
1200203,Cruzeiro do Sul,2019,3.1,5386,5118,0.85,1.1179310194185361,0.9502413665057556,268,0
1200203,Cruzeiro do Sul,2020,3.1,5428,5114,0.85,1.1084138887684771,0.9421518054532056,314,0
1200203,Cruzeiro do Sul,2021,3.1,5470,5412,0.85,1.1639961286159801,0.9893967093235831,58,0
1200203,Cruzeiro do Sul,2022,3.1,5600,5262,0.85,1.1054621848739496,0.9396428571428571,338,0
1200203,Cruzeiro do Sul,2023,3.1,5798,5308,0.85,1.0770448227583547,0.9154880993446016,490,0
1200252,Epitaciolândia,2019,3.1,925,675,0.85,0.8585055643879174,0.7297297297297297,250,111
1200252,Epitaciolândia,2020,3.1,939,693,0.85,0.8682578462694982,0.7380191693290735,246,105
1200252,Epitaciolândia,2021,3.1,953,663,0.85,0.8184679958027282,0.695697796432319,290,147
1200252,Epitaciolândia,2022,3.1,942,626,0.85,0.781815911077807,0.6645435244161358,316,175
1200252,Epitaciolândia,2023,3.1,967,653,0.85,0.7944522172881563,0.6752843846949328,314,169
1200302,Feijó,2019,3.1,2327,1819,0.85,0.9196390201976794,0.7816931671680275,508,159
1200302,Feijó,2020,3.1,2334,2003,0.85,1.0096275013861586,0.8581833761782348,331,0
1200302,Feijó,2021,3.1,2341,2042,0.85,1.026208005628565,0.8722768047842803,299,0
1200302,Feijó,2022,3.1,2370,2248,0.85,1.115909655001241,0.9485232067510548,122,0
1200302,Feijó,2023,3.1,2444,1980,0.85,0.9531144700105901,0.8101472995090017,464,97
1200328,Jordão,2019,3.1,619,467,0.85,0.8875795875700846,0.7544426494345718,152,59
1200328,Jordão,2020,3.1,630,487,0.85,0.9094304388422035,0.773015873015873,143,48
1200328,Jordão,2021,3.1,642,532,0.85,0.9748946307494962,0.8286604361370716,110,14
1200328,Jordão,2022,3.1,686,564,0.85,0.9672440404733321,0.8221574344023324,122,19
1200328,Jordão,2023,3.1,707,491,0.85,0.8170396871619936,0.6944837340876945,216,110
1200344,Manoel Urbano,2019,3.1,636,407,0.85,0.7528671846096929,0.639937106918239,229,134
1200344,Manoel Urbano,2020,3.1,644,412,0.85,0.752648885641213,0.639751552795031,232,135
1200344,Manoel Urbano,2021,3.1,652,433,0.85,0.7813063875857092,0.6641104294478528,219,121
1200344,Manoel Urbano,2022,3.1,806,500,0.85,0.7298204641658151,0.6203473945409429,306,185
1200344,Manoel Urbano,2023,3.1,832,435,0.85,0.6151018099547512,0.5228365384615384,397,272
1200351,Marechal Thaumaturgo,2019,3.1,1535,1066,0.85,0.8170147537842498,0.6944625407166124,469,239
1200351,Marechal Thaumaturgo,2020,3.1,1571,1153,0.85,0.8634440408881567,0.7339274347549332,418,182
1200351,Marechal Thaumaturgo,2021,3.1,1605,1177,0.85,0.8627450980392157,0.7333333333333333,428,187
1200351,Marechal Thaumaturgo,2022,3.1,1391,1109,0.85,0.9379625322451052,0.7972681524083394,282,73
1200351,Marechal Thaumaturgo,2023,3.1,1426,1142,0.85,0.9421664879135385,0.8008415147265077,284,70
1200336,Mâncio Lima,2019,3.1,1202,876,0.85,0.8573945385142411,0.7287853577371048,326,146
1200336,Mâncio Lima,2020,3.1,1223,977,0.85,0.9398297340195277,0.7988552739165985,246,63
1200336,Mâncio Lima,2021,3.1,1244,995,0.85,0.9409873274068471,0.7998392282958199,249,62
1200336,Mâncio Lima,2022,3.1,1222,1047,0.85,1.0079907576778666,0.8567921440261865,175,0
1200336,Mâncio Lima,2023,3.1,1255,1013,0.85,0.9496133114600421,0.8071713147410359,242,54
1200385,Plácido de Castro,2019,3.1,1103,740,0.85,0.7892912378006507,0.670897552130553,363,198
1200385,Plácido de Castro,2020,3.1,1113,720,0.85,0.7610591406373871,0.6469002695417789,393,226
1200385,Plácido de Castro,2021,3.1,1124,694,0.85,0.7263973204940339,0.6174377224199288,430,261
1200385,Plácido de Castro,2022,3.1,924,682,0.85,0.8683473389355743,0.7380952380952381,242,103
1200385,Plácido de Castro,2023,3.1,940,627,0.85,0.7847309136420526,0.6670212765957447,313,172
1200807,Porto Acre,2019,3.1,1075,779,0.85,0.852530779753762,0.7246511627906976,296,135
1200807,Porto Acre,2020,3.1,1094,835,0.85,0.8979460157006129,0.7632541133455211,259,95
1200807,Porto Acre,2021,3.1,1112,884,0.85,0.9352517985611511,0.7949640287769785,228,61
1200807,Porto Acre,2022,3.1,970,895,0.85,1.0855063674954517,0.9226804123711341,75,0
1200807,Porto Acre,2023,3.1,992,781,0.85,0.9262333965844403,0.7872983870967742,211,62
1200393,Porto Walter,2019,3.1,942,588,0.85,0.734357437242413,0.6242038216560509,354,213
1200393,Porto Walter,2020,3.1,962,698,0.85,0.8536137947902654,0.7255717255717256,264,120
1200393,Porto Walter,2021,3.1,983,820,0.85,0.981389503919574,0.8341810783316378,163,16
1200393,Porto Walter,2022,3.1,844,723,0.85,1.007805965988291,0.8566350710900474,121,0
1200393,Porto Walter,2023,3.1,865,795,0.85,1.0812648758925536,0.9190751445086706,70,0
1200401,Rio Branco,2019,3.1,20549,16635,0.85,0.9523864049488598,0.8095284442065307,3914,832
1200401,Rio Branco,2020,3.1,20857,16739,0.85,0.9441885782457011,0.802560291508846,4118,989
1200401,Rio Branco,2021,3.1,21161,17052,0.85,0.9480259189352221,0.8058220310949388,4109,935
1200401,Rio Branco,2022,3.1,18402,17459,0.85,1.116183023584393,0.948755570046734,943,0
1200401,Rio Branco,2023,3.1,18985,16819,0.85,1.042246975166153,0.8859099288912299,2166,0
1200427,Rodrigues Alves,2019,3.1,1346,955,0.85,0.8347172449960668,0.7095096582466568,391,189
1200427,Rodrigues Alves,2020,3.1,1376,999,0.85,0.8541381668946649,0.7260174418604651,377,171
1200427,Rodrigues Alves,2021,3.1,1405,1030,0.85,0.8624659828344149,0.7330960854092526,375,164
1200427,Rodrigues Alves,2022,3.1,1062,959,0.85,1.0623684502049409,0.9030131826741996,103,0
1200427,Rodrigues Alves,2023,3.1,1083,909,0.85,0.9874531530063549,0.8393351800554016,174,12
1200435,Santa Rosa do Purus,2019,3.1,447,212,0.85,0.5579681537044349,0.4742729306487696,235,168
1200435,Santa Rosa do Purus,2020,3.1,460,275,0.85,0.7033248081841432,0.5978260869565217,185,116
1200435,Santa Rosa do Purus,2021,3.1,472,291,0.85,0.7253240279162513,0.6165254237288136,181,110
1200435,Santa Rosa do Purus,2022,3.1,460,414,0.85,1.0588235294117647,0.9,46,0
1200435,Santa Rosa do Purus,2023,3.1,474,485,0.85,1.2037726482998263,1.0232067510548524,0,0
1200500,Sena Madureira,2019,3.1,2849,1556,0.85,0.6425371131253484,0.5461565461565462,1293,866
1200500,Sena Madureira,2020,3.1,2890,1642,0.85,0.6684306940769388,0.568166089965398,1248,814
1200500,Sena Madureira,2021,3.1,2931,1752,0.85,0.7032331868264194,0.5977482088024565,1179,739
1200500,Sena Madureira,2022,3.1,2569,1948,0.85,0.8920843541776383,0.7582717010509926,621,236
1200500,Sena Madureira,2023,3.1,2649,1978,0.85,0.878466902049608,0.7466968667421668,671,274
1200450,Senador Guiomard,2019,3.1,1209,925,0.85,0.9001119058045055,0.7650951199338296,284,103
1200450,Senador Guiomard,2020,3.1,1221,895,0.85,0.8623596858890977,0.733005733005733,326,143
1200450,Senador Guiomard,2021,3.1,1232,974,0.85,0.9300993124522536,0.7905844155844156,258,73
1200450,Senador Guiomard,2022,3.1,1127,958,0.85,1.00005219479096,0.8500443655723159,169,0
1200450,Senador Guiomard,2023,3.1,1151,856,0.85,0.8749425052384115,0.7437011294526499,295,122
1200609,Tarauacá,2019,3.1,3055,1867,0.85,0.7189756426302109,0.6111292962356792,1188,730
1200609,Tarauacá,2020,3.1,3097,2087,0.85,0.7927975839996961,0.6738779463997416,1010,545
1200609,Tarauacá,2021,3.1,3139,2162,0.85,0.8102992710304893,0.6887543803759159,977,506
1200609,Tarauacá,2022,3.1,3120,2337,0.85,0.8812217194570136,0.7490384615384615,783,315
1200609,Tarauacá,2023,3.1,3229,2361,0.85,0.8602189714535551,0.7311861257355219,868,384
1200708,Xapuri,2019,3.1,1149,673,0.85,0.6890902575129269,0.5857267188859878,476,304
1200708,Xapuri,2020,3.1,1165,639,0.85,0.6452915930320626,0.5484978540772533,526,351
1200708,Xapuri,2021,3.1,1182,609,0.85,0.6061510898775755,0.5152284263959391,573,396
1200708,Xapuri,2022,3.1,1085,643,0.85,0.6972079154242342,0.5926267281105991,442,279
1200708,Xapuri,2023,3.1,1110,592,0.85,0.6274509803921569,0.5333333333333333,518,352
